Price,Close,High,Low,Open,Volume
Ticker,IBM,IBM,IBM,IBM,IBM
Date,,,,,
2020-01-02,102.59785461425781,102.97666861425603,102.1053976234854,102.27964698473846,3293436
2020-01-03,101.7796401977539,102.1736058676091,101.18868564684361,101.19626144463871,2482890
2020-01-06,101.59779357910156,101.70385473217797,100.9159235117403,101.08260313025646,2537073
2020-01-07,101.66598510742188,102.24936386062302,101.06746685088336,101.28717707922861,3232977
2020-01-08,102.5145263671875,102.93122544184398,101.46142405399084,101.90842631730341,4545916
2020-01-09,103.59791564941406,103.63580067542982,102.51451031718277,102.84028768261213,3902208
2020-01-10,103.56004333496094,104.45404783135315,103.27215096020973,103.79491117748414,3405148
2020-01-13,103.49183654785156,103.52215182229727,102.33267332153896,102.64329907740708,3693426
2020-01-14,102.90090942382812,103.90098719583983,102.6963568557377,103.24942027538488,3850326
2020-01-15,103.50701904296875,104.59799426149667,102.8175671076146,103.03728335683209,4232011
2020-01-16,104.53738403320312,104.69648180889985,103.80248943563585,104.03734517779452,4519661
2020-01-17,104.78740692138672,104.80255851517947,103.15850780450978,103.44640017882574,5881972
2020-01-21,105.43896484375,105.5753412841642,104.24948609625727,104.4085959741585,7577329
2020-01-22,109.01494598388672,110.45444400621592,107.99972882737462,108.58310746021527,17228038
2020-01-23,108.24219512939453,109.40894048216525,107.69670143999761,109.24983059843214,5918059
2020-01-24,106.4920654296875,109.03769042017042,106.4163074597118,108.6361550409185,5836889
2020-01-27,105.02227020263672,106.12083943104037,104.62830455126587,104.93136063336091,4358264
2020-01-28,105.72685241699219,106.4238740893413,105.12075239820113,105.68897947924198,3610374
2020-01-29,104.31766510009766,105.7495813211763,104.24947688591492,105.43895552831833,3194275
2020-01-30,103.62065124511719,103.77216716783664,102.25692329487522,103.613069402855,5290563
2020-01-31,108.89374542236328,109.13618302119154,106.66631597366452,108.26491194179738,19868352
2020-02-03,110.81812286376953,111.58332071982075,109.02254401350018,109.28771505941275,9295488
2020-02-04,112.96977233886719,113.17432489557353,111.28026689325954,111.96212487195179,5879566
2020-02-05,118.43984985351562,119.28081779847524,113.75771674368464,113.80317152907998,15048593
2020-02-06,118.76566314697266,120.27335010197551,117.75044550533858,118.8111300383508,8786923
2020-02-07,117.44121551513672,119.07181369978777,117.06609472454399,118.3139233249177,6718876
2020-02-10,118.22210693359375,118.22975573002442,116.04031829805677,117.10441739126861,5480831
2020-02-11,117.49481964111328,118.82684621989027,116.92065908850856,118.75029718151976,4011515
2020-02-12,118.89575958251953,119.11777014607296,117.52545222409816,117.70152114103843,4641939
2020-02-13,118.1302261352539,118.52830563561278,117.4412480239514,118.17616778415966,3996452
2020-02-14,115.36665344238281,118.32163040741942,114.65470442649342,118.21444950594037,6379763
2020-02-18,115.67283630371094,115.88718584071624,114.5551591932952,114.66998886602939,3496778
2020-02-19,115.48909759521484,116.27760765440986,115.0680595667368,116.00966769891218,2858613
2020-02-20,115.76470184326172,116.07091021641874,114.45563386180456,115.45083245697793,3013003
2020-02-21,114.7082748413086,115.62692458236208,113.9427354268514,115.62692458236208,3699597
2020-02-24,112.0977783203125,113.33795842769504,111.29397055140346,111.39349042307471,5703210
2020-02-25,108.48443603515625,112.58772132176523,108.1399470144739,112.15902224466863,6497229
2020-02-26,106.9840087890625,110.28348733970469,106.86917908143162,109.39545708636305,5656663
2020-02-27,101.90079498291016,106.17250004966968,101.82424594600536,105.06247181268216,8808471
2020-02-28,99.63481140136719,100.354421283199,96.73342548881058,99.50467191836539,13607832
2020-03-02,102.81179809570312,102.9189789811016,97.95063420861312,100.09414194987392,8923844
2020-03-03,98.67791748046875,104.18978595938445,97.83582281426916,102.94961784260194,8259321
2020-03-04,102.75055694580078,102.7964863736071,98.75444624693081,100.72953993709338,5226234
2020-03-05,99.17550659179688,101.27307896853424,98.33341201338082,99.90276537054456,5696725
2020-03-06,97.78221130371094,98.24153612356237,95.32483420871326,96.99370726003514,8570192
2020-03-09,90.18805694580078,93.709532249265,89.78231654164081,91.98706911242526,11252345
2020-03-10,95.51622009277344,95.60043015311174,88.61871725155231,93.9928024298251,11935592
2020-03-11,90.31055450439453,93.83968521891317,89.09334533519782,92.63779196713855,8835039
2020-03-12,78.70500183105469,84.05611639881032,78.29926743178586,83.94128671533484,13088284
2020-03-13,82.6398696899414,83.56617430750522,77.17392528358413,83.19871442254563,13077197
2020-03-16,75.84954071044922,82.22647326332299,72.72614417691734,75.0227560407877,11054128
2020-03-17,81.6446762084961,82.21883078857913,74.333783108406,77.02082605445361,9684182
2020-03-18,79.2715072631836,81.85902416593125,76.09451987143298,76.10217477694165,9176035
2020-03-19,76.81411743164062,79.3786692028116,75.20648367754426,78.3375350202469,8782739
2020-03-20,73.02471160888672,77.31172739757733,72.5041413913164,77.25813695105077,11031639
2020-03-23,72.55005645751953,74.82370320996023,69.32714062024597,72.41991699448579,10176952
2020-03-24,80.74898529052734,81.1776843809817,75.98733532207147,76.54618000797629,8340699
2020-03-25,81.03223419189453,86.10775351767914,78.72030642852604,80.74898439980402,9052084
2020-03-26,86.421630859375,86.62067061162432,80.81789206655888,81.84371044837867,7482561
2020-03-27,82.70109558105469,85.35751199827155,82.41019092545484,83.12213970309695,6718458
2020-03-30,86.45223236083984,86.85796668544587,82.5326773784804,82.74702689609182,5820467
2020-03-31,84.9211654663086,87.1259122308061,84.33935610443211,85.74028907164951,6635092
2020-04-01,80.48870086669922,84.1479774115634,80.01406623595348,81.42266031901529,6394093
2020-04-02,84.20923614501953,84.45421147632938,80.48871950205167,80.66479456685829,6619820
2020-04-03,81.40734100341797,84.26279724977005,80.32027136776827,83.38242834163539,4747585
2020-04-06,87.89910888671875,88.51919278620538,84.30873275271848,84.47715286465109,7357773
2020-04-07,87.990966796875,91.53540711214917,87.93738247144687,90.94594287687558,5852684
2020-04-08,91.32107543945312,91.83398462938167,88.09050386952327,89.03977319809394,5395896
2020-04-09,93.01290893554688,94.09997254293172,91.99473946653954,92.2320537172511,5832705
2020-04-13,92.74496459960938,93.24256389969959,90.3641367538198,93.11242442406397,5355206
2020-04-14,94.85784912109375,95.83008303774056,93.8703053961944,94.51336010762846,5322780
2020-04-15,90.86174011230469,92.01004906038476,89.38425195384991,91.19092543194057,5896616
2020-04-16,88.59574127197266,91.67320804364144,87.5928877986001,91.10670851649975,6754650
2020-04-17,91.95648193359375,92.16317660543417,90.27229271763228,91.32873690313181,5194436
2020-04-20,92.17845916748047,94.05402658021796,90.44068612548178,91.21388024452736,8558058
2020-04-21,89.38424682617188,89.68280640243398,85.78621599415145,87.27136508091561,15009054
2020-04-22,91.33637237548828,92.11722146264125,89.98902984235572,91.76507754857406,7412479
2020-04-23,92.8980712890625,94.18417460003242,91.19092381496687,91.53541282772579,7198154
2020-04-24,95.4779281616211,95.69227767107668,92.44639708847107,93.70953554472194,5215251
2020-04-27,96.39659118652344,97.21572098435925,96.05210214236797,96.1209962856421,5150295
2020-04-28,96.66453552246094,98.14202385570826,95.98320619910756,98.01188435886387,4997893
2020-04-29,98.51712799072266,98.99176260511963,97.6291041057823,98.66257728214075,5499450
2020-04-30,96.12100219726562,97.43007652964717,95.86072319925472,96.85592197814817,6941047
2020-05-01,93.2961654663086,94.5210297377342,92.92871168321675,94.30668017028178,5152073
2020-05-04,93.15070343017578,93.37270787261788,91.39762038493598,92.49233889786143,4202723
2020-05-05,93.83969116210938,95.17173008613766,93.75548110262926,94.45977508747008,4078772
2020-05-06,94.29136657714844,94.965034873757,93.7095571406814,94.34495091223098,4042372
2020-05-07,94.05084228515625,95.62572704186998,93.75603624108572,95.40850283912185,4615580
2020-05-08,95.41626739501953,95.6024613513579,93.91896436992494,95.16801291403078,5232615
2020-05-11,95.10594940185547,95.77314340267694,93.61640389216645,94.50082211896873,3697924
2020-05-12,93.29833984375,96.44811019116236,93.29833984375,95.43180080225007,5004587
2020-05-13,89.78392791748047,93.08886157775214,89.10121876210026,93.05782512214803,6153409
2020-05-14,90.73041534423828,90.83902746380086,86.74277242089416,88.88399692928603,5501332
2020-05-15,90.7536849975586,91.07176377925985,89.41153939390037,89.93909103257923,5006470
2020-05-18,94.30687713623047,94.9275195938804,92.90267094453992,93.00352549868789,4399162
2020-05-19,93.32161712646484,94.78013267457618,93.20524742355288,94.0198415351318,3390191
2020-05-20,94.16724395751953,95.01286830529077,93.56211038226964,93.81812867145977,4017372
2020-05-21,92.4139175415039,94.43100871689815,92.2975478492611,93.86466919796264,4184941
2020-05-22,91.84754943847656,92.68542210601866,91.22690714553673,92.60784027160304,4373117
2020-05-26,94.4620361328125,95.12922395545772,93.88018153610098,94.10516333231404,5720888
2020-05-27,97.39456176757812,97.61954353178476,95.7886467761842,96.15327709080346,5990965
2020-05-28,96.61101531982422,98.50397912149224,96.37051838318037,98.42640345882916,4095404
2020-05-29,96.89805603027344,97.07649242239565,94.8344135547945,95.94381973573093,8294675
2020-06-01,96.89029693603516,97.55749090896038,96.22310296310995,96.69634541569155,3003798
2020-06-02,97.75145721435547,97.75145721435547,96.71187517454126,97.4954389399491,3115093
2020-06-03,100.11766052246094,100.54435144197356,98.52726034115648,98.6436300290968,4097914
2020-06-04,99.99351501464844,100.04006659892562,98.5427635868321,99.13237571305278,4042581
2020-06-05,102.45281219482422,104.13631525641692,102.21231529527851,103.87253327927587,6163764
2020-06-08,105.31555938720703,105.41641394340675,102.61575287823682,102.61575287823682,5617543
2020-06-09,102.305419921875,103.64755926485677,101.64598350326243,103.5854987396561,5641706
2020-06-10,100.75381469726562,102.58471794992384,100.69951173396142,102.52265122923923,4952601
2020-06-11,91.5527572631836,97.82902398520778,91.42087245857121,97.77471483554767,12304726
2020-06-12,94.57840728759766,95.51712850824046,92.53803738431816,94.06637696804758,6506434
2020-06-15,94.37670135498047,94.93527708997416,91.76999189063102,92.46821620276882,5385959
2020-06-16,97.09203338623047,98.91517323833762,95.54818454507647,96.97566367946548,5864608
2020-06-17,96.31621551513672,97.94540978770716,95.73436086001831,97.61956721847633,3302013
2020-06-18,96.32395935058594,96.51015330897678,94.90423815684785,95.42402601249265,2997208
2020-06-19,95.01284790039062,98.38759938196614,94.84216907758541,97.88332667021756,8471554
2020-06-22,93.92672729492188,95.036127339479,93.50779396485322,94.74132125698736,4993081
2020-06-23,92.6388931274414,95.34645089861331,92.49925074438265,94.65598416714607,6937700
2020-06-24,90.3192367553711,91.7932671767167,89.90029723158256,91.7932671767167,7061546
2020-06-25,92.34407806396484,92.48372662464703,90.07096898648697,90.58299926287019,6412608
2020-06-26,90.9166030883789,92.31305160557592,90.19509994124523,91.74671215643914,11244605
2020-06-29,92.90265655517578,92.92592925071432,91.05623840977901,91.5294808416958,4350837
2020-06-30,93.69398498535156,94.02757888747213,92.32080916558184,92.46820910659528,4099797
2020-07-01,91.96394348144531,94.0508588525963,91.83205866180042,93.30608914180947,4869967
2020-07-02,92.86388397216797,94.19827216774296,92.52253245190153,92.85612640519791,3919362
2020-07-06,93.24401092529297,94.5318472710538,92.67767150224095,94.06636858088991,4231488
2020-07-07,91.21916198730469,92.71646497303601,91.0252104704839,92.32080437401709,4474893
2020-07-08,91.32000732421875,92.04150416994696,90.36576496704808,91.59154065863856,5431669
2020-07-09,89.7684097290039,91.54500374748791,89.37274910646987,91.54500374748791,4982098
2020-07-10,91.81654357910156,91.987222421931,89.44257967703388,89.60549476228539,4482842
2020-07-13,92.47598266601562,93.86467385751824,92.05704927666731,92.92595251504537,4864632
2020-07-14,93.56209564208984,93.78708362727615,91.48293796115452,92.02600472253596,4742982
2020-07-15,95.42404174804688,96.16881770442481,94.76461141046482,94.95855677531067,4679176
2020-07-16,96.20759582519531,96.57222619962197,94.77235940836516,95.17577761360569,4530121
2020-07-17,97.06097412109375,97.46439228600634,95.57918626422061,96.50239226604855,4167892
2020-07-20,98.03851318359375,98.5815738491244,97.08427049628173,97.8057675916278,10384374
2020-07-21,97.79798889160156,102.53815865237131,97.59627980353449,101.75459499691225,16063004
2020-07-22,99.8228530883789,100.44349554322068,97.59628914962258,97.67387100427635,8572388
2020-07-23,98.78326416015625,100.36590664273491,98.64362178453791,100.15643998371054,4414225
2020-07-24,97.58851623535156,99.03151621666936,97.3635344643137,98.12382537619877,3693531
2020-07-27,97.91436767578125,97.99970709654774,96.75066462393198,96.86703430999749,3905136
2020-07-28,96.56448364257812,98.0152354172257,96.31622291319972,97.61181714928145,4370397
2020-07-29,97.2238998413086,97.74369392638759,96.2541483408707,96.63428766009186,2963109
2020-07-30,95.34644317626953,96.12224926445815,94.36893419164097,95.97484932712298,4171553
2020-07-31,95.37748718261719,95.41627501362073,93.9422445675747,95.19905077761271,5519847
2020-08-03,96.44032287597656,96.51790471889032,94.76458973972183,95.81192294988104,3688301
2020-08-04,97.6273193359375,97.64284065981106,96.06019806741038,96.06019806741038,3625541
2020-08-05,97.32475280761719,98.33330450519593,96.67308010711969,98.31778937297369,3786102
2020-08-06,97.84453582763672,97.95314793211296,96.97563280063346,96.97563280063346,3574287
2020-08-07,98.21393585205078,98.30039264282908,96.83849888215946,97.06642643004777,3818946
2020-08-10,99.90376281738281,100.00593789645612,98.38685490925474,98.57548678942973,4150842
2020-08-11,99.62081146240234,102.54459277277344,99.51077725517533,101.20059232689847,5231255
2020-08-12,99.5815200805664,100.43822268703612,98.93703304514567,100.29674563967014,3692066
2020-08-13,98.26896667480469,99.33787862743104,98.06461650600563,98.99991054439238,3317180
2020-08-14,98.45759582519531,98.68552340583868,97.38868390231183,97.61661775521311,3099716
2020-08-17,97.80524444580078,98.70910185345396,97.78166075726489,98.44187231886045,3514665
2020-08-18,98.18250274658203,98.6383641597409,97.64804994516959,98.24538212944252,3014990
2020-08-19,97.33366394042969,98.63836250287262,97.06643440808341,98.11176884913095,3916119
2020-08-20,96.79132843017578,97.49083555461002,96.52410521786814,96.8306303888726,2679015
2020-08-21,96.7992172241211,97.05072222261022,96.1311464874491,96.68131759180527,3540815
2020-08-24,98.77983856201172,99.07850466512717,96.95640538686192,97.29436718554868,4258057
2020-08-25,97.96244049072266,99.67583949104664,97.84454712865242,99.03135243319171,3114674
2020-08-26,97.59302520751953,98.3396935396096,97.42011788906548,98.20608191347297,3544162
2020-08-27,97.97029876708984,98.32398512244322,97.44370507594356,97.9310030708319,3580144
2020-08-28,98.30040740966797,98.48117388416995,97.63233666948216,98.21395060590199,3242182
2020-08-31,96.9171142578125,98.44188140169052,96.6970395354702,98.44188140169052,5049983
2020-09-01,96.98783874511719,97.42012274343611,96.0053899379105,96.55556101905593,3300444
2020-09-02,100.7447509765625,101.15345130842319,97.12932110409761,97.23935532634795,6895650
2020-09-03,97.81310272216797,102.13589870881994,97.18432772115389,100.7526024877495,5979773
2020-09-04,96.12327575683594,98.52046345388406,95.290150653194,97.73449945193292,6295037
2020-09-08,95.2665786743164,96.57127723576842,94.87359665091758,96.0132470276772,5449974
2020-09-09,96.09184265136719,97.22363393934161,95.32946225927482,95.98966757166876,3944152
2020-09-10,94.75570678710938,97.1293172922698,94.50420179533832,96.30405752165048,4161406
2020-09-11,95.46308898925781,96.43768510613704,94.88933411551744,95.40807500732203,3711313
2020-09-14,95.95823669433594,96.97212841228838,95.69887254635266,96.17044600532522,3809009
2020-09-15,96.23331451416016,96.98783572657065,96.07611919743516,96.53198059813164,3049299
2020-09-16,97.63233947753906,98.88987705728347,96.44553415288102,96.44553415288102,3962666
2020-09-17,98.18250274658203,98.67765985386768,95.86391253117615,96.37478791611252,3317180
2020-09-18,96.48482513427734,98.18250580176154,96.39836833225048,97.66377126185817,5639614
2020-09-21,94.51205444335938,94.86573448979551,93.19949678503825,94.69282089966727,5555724
2020-09-22,94.71640014648438,95.45520303072334,93.94615443771434,94.57492311673717,3093859
2020-09-23,93.39599609375,95.56525021261595,93.08160543929087,94.94434058734916,4120612
2020-09-24,92.81436157226562,93.93828721415062,91.54895891281069,92.82222070965769,3709325
2020-09-25,93.49030303955078,93.85184851829047,91.91052203543558,92.42925656456727,3089570
2020-09-28,95.67527770996094,96.14685738625526,94.63780869437085,94.76356118396352,3670623
2020-09-29,95.05438232421875,96.03683751644942,94.48062748839469,95.4237869818395,2203504
2020-09-30,95.62812042236328,96.6027163042544,94.94433147736319,95.40019286478235,3411111
2020-10-01,95.1722640991211,96.90924667451154,94.59851560544843,96.17043744927044,3359438
2020-10-02,94.7635726928711,95.69100760867113,93.38813546211782,93.56104907646878,3059759
2020-10-05,95.89537048339844,96.47698451979491,95.14084908200606,95.76175882129726,3190823
2020-10-06,95.86392974853516,98.1117881182328,95.56526360275764,96.34336866427832,4050426
2020-10-07,97.51445007324219,97.76595509050068,96.13901280131844,96.41410151015488,2944908
2020-10-08,103.3462905883789,106.49799992533046,101.9944308010162,102.85113344527325,26452189
2020-10-09,100.43821716308594,103.74712150449797,100.28888098488596,103.74712150449797,8737970
2020-10-12,99.98235321044922,100.79975378360798,99.37716191899456,100.65828301989102,4848315
2020-10-13,98.32396697998047,99.93519058538521,97.82095079940407,99.47932923161747,5654781
2020-10-14,98.98417663574219,99.77014062925068,98.34754881168374,98.34754881168374,3899593
2020-10-15,98.15892791748047,98.4182983223269,97.3415272800364,97.52230002229987,3541024
2020-10-16,98.97633361816406,99.3693156789245,97.9781601873939,98.37900138758887,4927078
2020-10-19,98.65409088134766,100.09240122110204,98.3082699266597,99.66012345967756,7822720
2020-10-20,92.24847412109375,94.43345249698051,91.83191471382715,94.15836384741041,22490151
2020-10-21,90.43290710449219,92.49999229190871,90.22069781590781,91.69045083091741,10204044
2020-10-22,90.98307037353516,91.21886333017252,88.79809829337647,90.38574452458867,8217167
2020-10-23,91.17172241210938,91.6590204369886,90.8023240277761,91.56470448790687,4072496
2020-10-26,88.2007827758789,90.3071638726062,87.90211665905359,89.95347750719756,7534756
2020-10-27,86.89608764648438,88.20078639218791,86.47952814819627,88.14576614134872,6209161
2020-10-28,83.82296752929688,86.24373306281893,83.24921270434913,85.40275494667607,9860956
2020-10-29,85.59922790527344,86.17298260906048,83.74435217652969,84.29452946647103,7071169
2020-10-30,87.76062774658203,87.87066195662369,84.68751645931397,84.80540980776881,8285889
2020-11-02,88.74308776855469,89.46617244908937,88.22435324278541,88.5387376137893,5555829
2020-11-03,89.72554016113281,90.8966270826648,89.30898072522075,89.59978767094864,4397698
2020-11-04,87.94926452636719,89.52905179178701,87.36765061775657,88.28723258604352,6066905
2020-11-05,90.2049789428711,90.61367924000237,88.82168273461564,89.04961029903328,5127701
2020-11-06,89.63121795654297,90.46433677009801,89.1203426206595,90.44861849395653,5490663
2020-11-09,92.11898803710938,95.47587307453128,91.91167471368506,93.99278104781315,9405841
2020-11-10,94.01669311523438,94.22400642271111,92.6930759144503,93.04391773523108,5881449
2020-11-11,93.45057678222656,94.36754052160356,92.66916210169741,94.18414650108654,4486922
2020-11-12,91.29771423339844,92.78877310115533,90.48440708254608,92.19872548912349,6797117
2020-11-13,93.17151641845703,93.58614313456975,91.70437670962885,91.84789889474122,4898000
2020-11-16,94.37552642822266,94.52702170711562,93.3867982937743,94.32768146006086,5536896
2020-11-17,93.84928131103516,94.51906004065464,93.34694408221569,93.76954392992529,4324687
2020-11-18,93.10771942138672,94.79015184745691,93.09177321995051,93.86521489527732,4818713
2020-11-19,93.43465423583984,93.64994070983097,92.40606047645575,92.92434390702876,3597822
2020-11-20,93.24327850341797,94.12037052235175,93.04393825125862,93.76953498742006,5255418
2020-11-23,95.75495147705078,96.09782025064497,93.50639715031639,93.6339794844582,5910318
2020-11-24,99.20752716064453,99.45471238224299,96.32905951848065,96.36892502363727,8109115
2020-11-25,99.03208923339844,99.13574588558346,97.36560333607841,98.01944200900456,4326151
2020-11-27,99.15170288085938,99.91716502526886,98.80086102713177,99.03210001734617,2187395
2020-11-30,98.4898910522461,99.6699862139402,98.14702866169307,98.95236266953951,6263448
2020-12-01,98.20285034179688,100.33179539013354,98.13905917606651,98.79289158116644,5553319
2020-12-02,99.36699676513672,99.3829429663741,97.6048333538562,97.95566887070504,3860472
2020-12-03,98.5616683959961,99.55836966305169,98.30651643502699,99.00021440821689,4757417
2020-12-04,101.4241943359375,101.56772288813393,98.58559205625079,98.84872349313794,5776849
2020-12-07,99.43079376220703,101.24079588330711,99.3271370848786,100.8580679415469,8701151
2020-12-08,100.23611450195312,100.73047855075184,99.38294183975438,99.92514449172293,5643170
2020-12-09,101.09727478027344,101.81489842815068,100.22814948372394,100.30788685864569,6813121
2020-12-10,99.63809204101562,101.20888816544344,99.62213947804798,100.74642291958689,5024147
2020-12-11,99.0879135131836,100.07664156570513,98.56165708626357,98.93641824684366,4687544
2020-12-14,98.49787902832031,100.65872945110375,98.45004042096578,99.92515323266016,5282300
2020-12-15,100.41155242919922,100.41155242919922,98.42612916075963,99.1836183815739,4556585
2020-12-16,100.10852813720703,100.92183521232819,99.90121481857646,100.41152501545233,4738485
2020-12-17,100.10852813720703,100.53910097386928,99.59821794033117,100.53112787416872,3962248
2020-12-18,100.34774780273438,100.78629377224512,99.64607043359207,100.14043446843382,7900229
2020-12-21,98.38623809814453,99.01615120284868,97.054647622628,98.84870973287418,6397022
2020-12-22,98.5616683959961,99.04805937790434,97.60483899754821,98.32246263718642,4535561
2020-12-23,98.79289245605469,99.83743860189377,98.66531648667271,98.77694625528301,2817819
2020-12-24,99.42282104492188,99.74974366447411,99.04009307718906,99.67000628499284,1842111
2020-12-28,99.5264663696289,100.94576092825295,99.23941567253776,99.74972590185254,3781499
2020-12-29,98.7131576538086,100.05272118879567,98.26663223334067,99.94906452455982,3647402
2020-12-30,99.14373016357422,99.55038371901395,98.57760188069571,98.71315730798118,3535794
2020-12-31,100.37166595458984,100.49126882097733,98.8646545664072,99.04804859769862,3738822
2021-01-04,98.82478332519531,100.40355252358393,98.10715980534447,100.34774082534216,5417443
2021-01-05,100.5789794921875,101.0095523573463,99.35901879876525,99.67796189752022,6395872
2021-01-06,103.09066009521484,105.1558202173527,101.04143980954429,101.18496833303993,8322708
2021-01-07,102.8514633178711,104.0235855269641,102.26938876383679,103.68868983110374,4714740
2021-01-08,102.48468017578125,103.11459332732403,101.24876681223182,102.51657257944143,4891305
2021-01-11,102.52452850341797,103.40162672600539,101.79095879967271,102.02219141388642,5859587
2021-01-12,103.02687072753906,103.53718094208239,102.01422339842902,102.93118716461167,3921663
2021-01-13,101.20091247558594,103.45743967437704,100.83412443767301,102.97902187779671,8030874
2021-01-14,102.83551025390625,103.78436648137487,101.70325998869605,102.07802116467155,7848347
2021-01-15,102.37303924560547,103.0507909287934,101.7989378630198,102.28532878188753,5131153
2021-01-19,102.87537384033203,103.32987237597484,102.13383096589317,103.08268717568951,5646308
2021-01-20,103.72057342529297,104.50198175383487,102.50858588837781,103.41757654106418,5856240
2021-01-21,104.97242736816406,105.44287207989066,103.69665502136579,103.75246672085387,13116003
2021-01-22,94.57486724853516,96.24134714250377,93.57816600721992,96.24134714250377,39814421
2021-01-25,94.55094909667969,95.316411332344,93.6499314180929,94.69447127736392,14315974
2021-01-26,97.66861724853516,97.74835461718772,94.42336170429168,95.02935552491721,11186656
2021-01-27,97.65267181396484,99.50254569253944,96.97491371991111,97.34170180066675,12705239
2021-01-28,95.74697875976562,98.23474520056592,95.73900565925094,97.91580209035229,8455969
2021-01-29,94.97354125976562,96.71975840644032,94.80609342643201,95.85860630199272,12369473
2021-02-01,96.11376953125,96.44068575114485,94.67054921270254,95.60345926795763,6538023
2021-02-02,95.23666381835938,96.48055015907615,95.10908785320149,95.17287901738463,6633627
2021-02-03,94.98152160644531,95.52372428625021,94.18416060700869,94.91773043573512,7024308
2021-02-04,96.49649810791016,96.56028291004074,94.78217337610616,95.61142670947177,4771957
2021-02-05,97.11048126220703,97.12642746540878,96.09783372680009,96.48056805648041,4775722
2021-02-08,98.5616683959961,98.85669222557293,97.59685953325935,97.77228048343133,6158848
2021-02-09,98.65862274169922,99.06263072866416,97.81020854836858,98.49702341585684,4933982
2021-02-10,98.771728515625,99.71711118183408,97.93947374224778,99.41005897020233,5090673
2021-02-11,97.69708251953125,98.74750065724874,97.47083960498273,98.57781524721783,5629154
2021-02-12,97.60820007324219,98.06068590271232,97.0345066946563,97.76980583990382,4049275
2021-02-16,97.0183334350586,97.4465802723251,96.44464658733412,97.08297702206109,6945231
2021-02-17,96.93754577636719,97.41427051081081,96.16992809822985,96.37193207160928,4141219
2021-02-18,97.55162811279297,97.72131350903494,96.71937331375196,97.36578987909759,5646413
2021-02-19,96.14569091796875,97.57587804379324,95.6528004401682,97.56779840057018,6881320
2021-02-22,97.65667724609375,97.87484696402119,95.7012874623499,95.74976532306333,6149643
2021-02-23,97.53548431396484,98.05261377940901,96.80019156056262,97.70516973714979,4739740
2021-02-24,99.5555191040039,99.78176202425783,97.38195953399442,97.60820245424834,6087720
2021-02-25,98.95758819580078,100.47665795789617,98.85254637787756,99.68480127744147,5953623
2021-02-26,96.09720611572266,98.77981530617778,96.05680789981533,98.77981530617778,9467346
2021-03-01,97.55973052978516,98.83639822456873,96.84868310392497,97.2446050405153,5977367
2021-03-02,97.22843170166016,98.49701956840225,97.17187419670832,97.55971643252387,4732418
2021-03-03,98.86869812011719,99.0868613831358,96.94562696897572,97.36579420860251,7744898
2021-03-04,97.05067443847656,99.56359837957544,95.95985161153239,98.57781736866357,8439651
2021-03-05,99.24847412109375,99.99184648590649,97.16379706281306,97.47892251468713,7268968
2021-03-08,100.84835052490234,102.49670119340296,99.28888239514792,99.37776493389411,7572203
2021-03-09,100.33928680419922,102.15732265428748,100.32312751725001,101.3250677904911,5867014
2021-03-10,103.32086181640625,103.61982796844273,100.68673684864328,101.04226050476726,7581199
2021-03-11,102.73103332519531,103.9430574292985,102.44014676642175,103.49864472218329,5383657
2021-03-12,103.11079406738281,103.16735802841895,102.30278446118635,102.7714296458859,4194565
2021-03-15,103.89454650878906,104.03190688404845,103.0542120752239,103.24005675531737,3577948
2021-03-16,103.61982727050781,103.84607663005077,102.89261422803692,103.65215229229334,4867247
2021-03-17,104.25816345214844,104.6298463898576,103.01381455285065,103.79759154137635,4488804
2021-03-18,105.09043884277344,105.84997060154899,103.25624338095656,104.18546057922289,6104142
2021-03-19,104.15314483642578,105.39748756460995,103.85417862206774,105.05811667638494,10297870
2021-03-22,105.48635864257812,105.62372549965423,103.33704417668635,103.82992829884408,4356485
2021-03-23,105.41364288330078,106.30245539952243,104.88035408391978,105.39748359365895,4556794
2021-03-24,105.54290008544922,106.74684427385762,105.50250187036383,105.80954764972873,4189230
2021-03-25,107.52255249023438,107.65991934016652,104.8561022101545,105.30859453331503,5809484
2021-03-26,110.19708251953125,110.27787895808784,107.56295096836455,107.70031136215005,5823710
2021-03-29,109.77691650390625,110.75461145579716,109.49410962099986,109.87387223128508,4835344
2021-03-30,108.85575866699219,110.10818714564456,108.29014497363454,109.77690244148633,5010758
2021-03-31,107.67607116699219,108.84769689118522,107.23165851894966,108.7103236025332,5172575
2021-04-01,107.65182495117188,108.21743225123309,106.8761340184823,108.08007830836581,4261404
2021-04-05,109.83346557617188,110.44755719456377,107.78919317770554,107.98311752543343,5722980
2021-04-06,108.45176696777344,109.59915381212312,108.34672514593404,109.55066305090567,3787566
2021-04-07,109.02545166015625,109.03353775234962,108.09624101953284,108.14471888325674,3112896
2021-04-08,109.17898559570312,109.59106678719145,108.4032881805734,108.73457293151861,4275211
2021-04-09,109.67186737060547,109.67994056577595,108.84769215693254,108.97696645148334,3162999
2021-04-12,108.75074768066406,109.38099869593968,108.1528152462004,109.09819176911384,3926684
2021-04-13,105.99539947509766,107.96696158877569,105.34898926143505,107.46599141630335,8403041
2021-04-14,107.16702270507812,107.2882238112412,105.4621082302155,106.10043878471654,6137928
2021-04-15,107.1266098022461,108.16895471089336,106.83572974911164,107.6922235185117,4062664
2021-04-16,107.94271850585938,108.35481260252178,107.42558903427468,107.46599370363823,5535223
2021-04-19,107.56295013427734,108.12855744098403,107.12661712825874,107.95079238105939,8575736
2021-04-20,111.6353530883789,112.93624672273937,110.4556476676167,110.75461384486852,16192708
2021-04-21,115.99054718017578,116.13599367278115,111.27173833128266,111.5545452240246,12456814
2021-04-22,114.15635681152344,116.9520813321226,113.93011387961548,116.11174675747046,7428064
2021-04-23,115.08556365966797,116.03901316703276,113.88969905728301,114.18057911623815,4765576
2021-04-26,114.39067077636719,116.0551935024321,114.3179604288794,115.07748565146646,4927497
2021-04-27,114.74620819091797,115.19062087867012,113.72810850368913,114.48764667098926,4062664
2021-04-28,115.54613494873047,115.86933357954304,114.818915460566,115.4814849053857,3941433
2021-04-29,116.5480728149414,120.18414479050806,115.52997317764189,116.45919028174991,4554179
2021-04-30,114.64115142822266,116.21677862067986,113.56648792138854,116.11173680784938,9280321
2021-05-03,116.96014404296875,117.7681598796005,115.99052245971534,116.20060606138053,5997241
2021-05-04,117.7681884765625,118.44691730141342,116.62080158305966,116.6854516352928,6642623
2021-05-05,117.33992004394531,117.9216930606244,117.13792250985729,117.9216930606244,5229895
2021-05-06,119.92557525634766,119.9982984964985,117.30760309330778,117.37224024167381,7848661
2021-05-07,118.84707641601562,119.40267003681895,118.11990797373808,119.22291877595396,7325661
2021-05-10,119.42716979980469,121.23284575474652,119.12486324088437,119.12486324088437,7304636
2021-05-11,117.83395385742188,118.6264947779412,116.75545921736082,118.46308333779267,7454214
2021-05-12,115.44819641113281,117.77676058421824,115.31746464791658,117.52348653881317,6233742
2021-05-13,117.79312133789062,118.3895581512422,115.43186428575409,115.57075945813109,4807207
2021-05-14,118.20980834960938,119.03502903445768,117.62153492924321,118.56113450549343,2873780
2021-05-17,118.56111907958984,119.12487614387476,117.92382621725486,118.01370185480782,4471755
2021-05-18,117.5806655883789,118.71635605113877,117.02507197534071,118.29148114194038,4000009
2021-05-19,116.99239349365234,117.00055689243916,115.13769797854857,116.28156489226164,4498532
2021-05-20,117.55615234375,118.39771270400725,116.15083495720768,116.935199362773,4301675
2021-05-21,118.2588119506836,119.04317640555541,117.88298260325051,117.88298260325051,4219041
2021-05-24,118.24244689941406,118.78986400498808,117.80124524776593,118.52025019161577,3449290
2021-05-25,117.48262786865234,118.47124686976429,117.00056998793447,118.40588750986173,4118311
2021-05-26,117.14762878417969,117.64602645039889,116.86983849438138,117.24568085389114,3225655
2021-05-27,117.50714111328125,118.2833291340836,117.35190611723564,117.50714111328125,5889294
2021-05-28,117.44176483154297,117.92382268386945,117.23751032359,117.82578364978973,2651192
2021-06-01,117.8094253540039,119.14937018661196,117.44992287088593,118.47122133179535,2528705
2021-06-02,119.05950927734375,119.08402555533907,117.74406751658817,118.16076599906796,2915097
2021-06-03,118.92060852050781,119.19023540344416,117.68687905088316,118.39770763290954,4320608
2021-06-04,120.44851684570312,120.55473234252796,119.0922186305081,119.28830978161369,3261323
2021-06-07,120.9386978149414,121.52697107180063,120.24420909672868,120.55469208253173,3621984
2021-06-08,121.79658508300781,122.71984446351964,121.02039726132327,121.02039726132327,5313785
2021-06-09,123.10389709472656,123.43072000772187,121.59236394313103,121.76395184071272,5547252
2021-06-10,122.99762725830078,124.87682557627123,122.36033459606229,123.75747519861821,4977391
2021-06-11,123.60230255126953,124.06802066704823,122.8587940705728,122.90781359839774,3596462
2021-06-14,122.58097076416016,123.39800179674313,121.46162012312473,123.13655134469364,3498661
2021-06-15,122.03353118896484,122.4829093069314,121.41257826258024,122.43388979603657,2628912
2021-06-16,120.783447265625,122.36033914547832,120.28504969730729,122.36033914547832,4057329
2021-06-17,118.96147155761719,120.9713890770353,118.70000805803026,120.5547036305365,4568300
2021-06-18,116.93521881103516,118.20980466177687,116.86985944655882,118.0463932100105,9577699
2021-06-21,119.81936645507812,120.16252917005532,117.70323332767947,117.74407640665757,4482633
2021-06-22,119.58242797851562,119.95009391960394,118.75720742031139,119.71314669148538,2549102
2021-06-23,118.15259552001953,119.69680813786347,118.11991584142613,119.63961218003797,3349920
2021-06-24,118.83074951171875,119.44353915323582,118.21797291077628,119.12487967205621,3775746
2021-06-25,119.97461700439453,120.0481397643238,118.43040431553604,118.78173043743288,3759533
2021-06-28,118.70819091796875,120.3504425956666,118.39772092620616,120.11350840210417,4067789
2021-06-29,118.92060852050781,119.89288754633333,118.55294261136159,118.68366131297475,2540211
2021-06-30,119.77034759521484,120.04813791232225,118.23431137036442,118.57746104665604,3394375
2021-07-01,119.97461700439453,120.51385780713223,119.75400960288275,120.07265604468333,2809661
2021-07-02,114.40237426757812,120.0644872034438,113.94483268581756,120.03179448425456,17584515
2021-07-06,113.38922882080078,114.72917376685092,112.01659115850427,114.37784769250165,8466010
2021-07-07,114.23896026611328,114.65565876052554,113.37289663998192,113.37289663998192,4246446
2021-07-08,114.99063873291016,115.45634367810861,112.47414718679889,112.57218621508076,5739820
2021-07-09,115.62794494628906,116.00378734609708,115.07235126654787,115.57074898620586,4083689
2021-07-12,115.13771057128906,115.98743441014916,114.4840778522101,115.55440909103945,3496360
2021-07-13,114.61481475830078,115.13771574081163,114.08373733516858,115.13771574081163,3309858
2021-07-14,114.23896026611328,114.99880841884575,113.51179179126142,114.97430518072218,4606061
2021-07-15,114.75370025634766,114.76187669628013,113.40557875111722,113.83044065382867,3807126
2021-07-16,113.4872817993164,115.20308234826123,113.23400776142437,115.20308234826123,4298328
2021-07-19,112.68657684326172,113.15228178317554,111.28942290180152,111.48551399671314,8977086
2021-07-20,114.36151123046875,118.40587550561801,113.32387281462793,116.83715974297415,14237838
2021-07-21,115.44819641113281,115.52173221290602,114.10007482015709,114.36152530601468,5024984
2021-07-22,114.96611785888672,115.86486107782846,114.7210072574092,115.7423057770897,3466653
2021-07-23,115.48088073730469,115.77501091565475,114.65567312542296,115.17041071796713,4680013
2021-07-26,116.64925384521484,116.83718158187105,115.30930860915225,115.5217395875805,4441630
2021-07-27,116.63287353515625,117.36004186597266,115.69327429961979,116.45312230184372,3281302
2021-07-28,115.83219909667969,116.91887017249893,115.72598361710993,116.8453343727084,2660815
2021-07-29,115.96292114257812,116.80446846841073,115.69329424612336,116.28973095356926,2793761
2021-07-30,115.17039489746094,115.89756336352949,115.03148670728551,115.62793646341052,3698238
2021-08-02,115.54622650146484,116.88618458875308,115.22758007885052,115.5707427803482,3064257
2021-08-03,117.71137237548828,118.22610982117963,115.73413481492348,115.93838928928159,4272596
2021-08-04,116.64105987548828,117.80125351180523,116.40411267681147,117.49078356650541,2960285
2021-08-05,116.64925384521484,117.1721678908867,116.19987560601058,116.8616848236431,2884240
2021-08-06,117.72772216796875,117.972832774156,116.74727974321972,116.83715537089809,4002833
2021-08-09,116.73599243164062,117.76906224933744,116.50458785272065,117.5211165234092,5129689
2021-08-10,116.84343719482422,117.19880806097756,115.98393065688757,116.70294296315504,5543695
2021-08-11,117.46327209472656,117.99219306346463,116.94260850856195,117.17401308122322,4455960
2021-08-12,118.2401351928711,118.30626021236283,117.42195514419491,117.57071994966624,2184780
2021-08-13,118.33104705810547,118.66163258764539,117.7194730619524,117.88476582672236,1997965
2021-08-16,118.66988372802734,118.79384999740616,117.54591672999595,118.3723673196597,2913319
2021-08-17,117.70293426513672,118.31450820496919,116.603765840663,118.18228455789645,3215195
2021-08-18,115.26493072509766,117.28973101285979,115.19881888914591,117.08312493015586,3672192
2021-08-19,114.06657409667969,115.24839564014559,113.39714563157679,114.62029366531199,4351465
2021-08-20,114.9673843383789,115.19051832197304,113.44672017246006,113.83514689360551,2780059
2021-08-23,115.38887786865234,115.82690168593365,114.71119209045365,115.38887786865234,3179422
2021-08-24,115.57069396972656,115.89300888972797,115.14094074305805,115.52111010296638,2474418
2021-08-25,115.58724212646484,116.36410893764103,115.25666976624943,115.63682600189078,2105389
2021-08-26,114.69465637207031,116.36408536557087,114.63680193377184,115.67812906031878,2613640
2021-08-27,115.2153091430664,115.36407391598293,114.38060131985684,114.63679119568452,2572637
2021-08-30,114.8516845703125,115.60375273555356,114.7277183049975,115.28970838094409,2087293
2021-08-31,115.98393249511719,116.47979760079866,114.8351669016746,115.32277462397246,4429915
2021-09-01,115.12442016601562,115.76079266436477,115.03350980910861,115.68641026410378,2588327
2021-09-02,115.7112045288086,115.74426044465035,114.90128182785092,115.47154254360152,2840413
2021-09-03,115.35581970214844,116.0913599081888,115.12441512852185,115.4384726724696,2009575
2021-09-07,114.09962463378906,115.52937867005276,113.85169208527847,115.41368296974491,3436110
2021-09-08,114.60376739501953,114.95088089883428,113.7194622726277,114.16574352569874,3122728
2021-09-09,113.83515930175781,114.84343060094685,113.68639450267548,113.92606965778505,3669682
2021-09-10,113.24010467529297,115.1822647262754,113.22357672006513,114.72771298074368,4157955
2021-09-13,114.17400360107422,114.86821735415714,113.64506941488652,114.38062284575473,4334729
2021-09-14,112.57896423339844,114.52112458351114,111.85168132853202,114.38063034708246,4659198
2021-09-15,113.38887786865234,113.88474294365926,112.12440346039423,112.57895523962222,3403579
2021-09-16,112.75251007080078,114.00871395776527,112.15746404160056,113.45499441677156,2765624
2021-09-17,111.76078796386719,112.33103550325148,111.61202314812903,112.1905412620361,5890340
2021-09-20,111.00045013427734,111.71946249598572,109.73598216569334,110.6616071992104,4990152
2021-09-21,109.89299774169922,112.10788254800617,109.86820580546187,111.6616013143173,4261927
2021-09-22,111.26490020751953,111.87647418624455,110.30621934709407,110.51283199949161,3767901
2021-09-23,113.00044250488281,113.57070319315154,111.59548700506345,111.7773077241395,3151807
2021-09-24,113.6285400390625,114.44673324315971,113.01697926777277,113.24838384924368,3100762
2021-09-27,114.5128402709961,114.9343361204232,113.62027789547709,114.01697521586486,3459017
2021-09-28,113.61200714111328,115.44672894730513,113.39713052547137,115.0169757160213,4513072
2021-09-29,115.0252456665039,115.64507698107404,112.76077064128823,113.82688314049024,3947499
2021-09-30,114.81863403320312,116.17400563247193,114.46326317661736,115.70293907850619,6090230
2021-10-01,118.44673919677734,118.98393071326466,116.00871413107244,116.5293776924914,6907889
2021-10-04,119.09963989257812,120.66163075380653,117.64508734681979,117.96740229323004,7689251
2021-10-05,118.30626678466797,119.8351886498295,117.8847708759864,119.62858257804884,7297524
2021-10-06,117.65335083007812,118.48805877276844,116.43847351924182,117.75251856574731,5573506
2021-10-07,117.19882202148438,118.51288051609191,116.96741740222218,117.95916090670991,3999695
2021-10-08,118.3641128540039,118.7194969446748,116.57071720470081,117.19881921069428,3902940
2021-10-11,117.7112045288086,119.07484662525493,117.68640599969417,118.59550952446305,2921792
2021-10-12,116.09136199951172,117.60376892399822,115.95086777628325,117.52938652565203,3293436
2021-10-13,116.33103942871094,116.8682309931666,115.42193586524171,116.13269075947288,3013003
2021-10-14,118.50460052490234,118.94261114573978,116.5376418503431,116.56244037974064,4410668
2021-10-15,119.51286315917969,119.711211829796,118.00872676825215,118.50460504014673,3371049
2021-10-18,117.62029266357422,119.78558675791633,117.15748352457531,119.00872008057094,6437189
2021-10-19,117.33931732177734,118.1326988525821,116.13269728203528,116.59550647268179,4539117
2021-10-20,117.27320098876953,117.52113355993211,116.28145751340995,117.0913802523945,6474008
2021-10-21,106.05826568603516,110.5128268785127,105.868180999381,110.33927674338146,32913959
2021-10-22,105.68637084960938,107.64505916307631,104.63678616981568,105.82687168179264,12114981
2021-10-25,105.48802185058594,106.32273642868151,104.90950379263577,105.39711149317355,6667204
2021-10-26,105.0665283203125,106.03347310853302,104.7607413469747,105.38884324971933,8912861
2021-10-27,103.44668579101562,105.68636239905878,103.31445554366988,105.32272757001954,7294176
2021-10-28,104.00040435791016,104.38883771349379,102.99213966252265,103.44668484349673,6802138
2021-10-29,103.38883209228516,104.39709673984812,103.23180332372374,103.66155654979211,6188973
2021-11-01,104.36404418945312,104.38883612359695,102.3475082340373,103.34750893602047,6177153
2021-11-02,104.28140258789062,105.0995892149242,103.23181137421324,104.38057692435997,4722062
2021-11-03,105.0665283203125,105.19875856421832,103.86817236106482,104.32272412973106,5670784
2021-11-04,104.4707260131836,106.62324473791476,103.64948586302818,106.37255537487161,7208700
2021-11-05,106.85667419433594,106.99498536540445,104.97213749662951,104.97213749662951,6790500
2021-11-08,107.66062927246094,107.86809932904941,106.78751649942622,107.18517018928506,5625300
2021-11-09,105.86482238769531,107.66062885611697,105.34798450346847,107.36278475134056,7236600
2021-11-10,105.31294250488281,107.24890577352095,105.05890116872256,105.99622287224172,6270300
2021-11-11,105.35675048828125,106.68827718109438,105.19031466420292,105.90863598838533,4643300
2021-11-12,104.20918273925781,105.68086616353015,104.05150213367992,105.12022549555631,5418300
2021-11-15,104.13033294677734,105.26037603360963,103.6397674102268,104.71725252946418,5046300
2021-11-16,103.77117156982422,105.03261629009283,103.73613069610973,104.17413159249597,4750800
2021-11-17,103.42076873779297,104.53329474892561,103.17548930700055,103.7010890420362,4043300
2021-11-18,102.19438171386719,103.68358222464599,101.88777571162105,103.68358222464599,5046900
2021-11-19,101.66001892089844,102.1067750592104,100.97673185342094,102.04545519610697,5380200
2021-11-22,102.02793884277344,104.07778001004716,100.9066575187915,101.61621689463797,6416200
2021-11-23,102.30825805664062,103.31566153256188,101.65125666147856,102.30825805664062,4912800
2021-11-24,102.25570678710938,102.72874194127589,101.68630420396879,101.75638596138762,3220800
2021-11-26,101.44976806640625,101.91404795906355,100.35476579754904,100.74020873486307,3322000
2021-11-29,103.80622100830078,104.77858361317422,102.95649812986508,103.91134363811763,8949800
2021-11-30,102.5798110961914,104.45445444372838,102.01040858034398,102.93021315851009,9252700
2021-12-01,102.42213439941406,104.18289998412295,102.36081453742737,103.58721846052492,5958300
2021-12-02,102.40460205078125,103.35068550911882,102.10675799166192,102.81632392709645,5267100
2021-12-03,104.10406494140625,104.55958968238794,102.80758584278139,102.80758584278139,6630100
2021-12-06,105.0413818359375,106.12762222544656,104.59461903472965,104.59461903472965,4785600
2021-12-07,106.50430297851562,106.9423038889224,105.18153835774542,105.54070231229345,5194000
2021-12-08,107.76573944091797,108.0811006263542,106.45173672938816,106.8722205377576,5483900
2021-12-09,108.24755096435547,108.58042926942356,106.68826870284957,107.00362991117255,4601100
2021-12-10,108.70306396484375,109.78931104694647,108.06358637110874,108.8870302306529,4966900
2021-12-13,107.38029479980469,108.93957682631032,105.81225088456507,108.41397711944008,6847500
2021-12-14,108.41398620605469,109.52650556745206,107.13502436157574,107.17882044219064,5716100
2021-12-15,107.8445816040039,109.34254387265715,107.02989966666303,108.44902498171713,4990000
2021-12-16,110.31491088867188,110.93687138692354,108.16870907522086,108.19498806082306,7280500
2021-12-17,111.60264587402344,112.68888638279381,109.68419953176134,110.26236400661018,10379000
2021-12-20,111.30479431152344,111.42743403738501,109.23742938505147,110.13095502588729,4941400
2021-12-21,112.97795867919922,113.30207508352166,111.83039840437696,111.83039840437696,4856000
2021-12-22,113.6612319946289,113.69626618478975,111.77782681372928,113.056788622224,3923200
2021-12-23,114.43212127685547,114.72120347957538,113.45975872833469,113.88023585650595,3649000
2021-12-27,115.29936218261719,115.32564116945431,113.83644065953024,114.43212888353655,4293900
2021-12-28,116.18414306640625,116.7009810096055,115.27309355177906,115.28186212599772,3445200
2021-12-29,116.81484985351562,117.56821196505663,115.8950452549196,115.98263741824049,4239900
2021-12-30,117.30541229248047,117.70836566275378,116.79732960962176,117.16524878685166,3158100
2021-12-31,117.0864028930664,118.2514868820887,117.04260013005886,117.38424029475513,3362100
2022-01-03,119.1712875366211,119.390288002326,117.06013320593881,117.44557616425587,4605900
2022-01-04,120.90577697753906,122.5964541026147,119.04864399845368,119.22385505878931,7300000
2022-01-05,121.08097076416016,124.56745421135795,120.78313335796362,121.15980771873099,8956900
2022-01-06,118.55809783935547,121.24743017688239,116.07901077676921,121.06346389046823,9908100
2022-01-07,118.11133575439453,118.83841892292627,116.95500685020585,118.17264893564382,5238100
2022-01-10,118.28651428222656,119.31143471747986,116.84111675303684,117.79595544484644,5432800
2022-01-11,116.39436340332031,116.72724838902461,112.10195961600597,114.33576704276248,11105300
2022-01-12,117.02506256103516,117.7959483256,115.08033773986476,116.7272251944442,5352000
2022-01-13,118.04998779296875,119.18003750496342,116.99878839503168,117.29662577388083,4868300
2022-01-14,117.56820678710938,118.38288204042229,116.77104194565314,117.86604418939196,5310300
2022-01-18,116.4556655883789,117.2878645118236,115.43950043060072,116.46442079316627,5246700
2022-01-19,115.26431274414062,117.29662986887331,115.19423099960142,116.42062811222236,4103700
2022-01-20,114.59856414794922,116.4031257527965,114.3795636936381,114.98399371948615,5278200
2022-01-21,113.31085205078125,115.51836723303224,113.24077029419306,115.32564574409676,5907000
2022-01-24,112.84654998779297,113.13561879780127,108.79065767490845,112.11946025992803,13484000
2022-01-25,119.2238540649414,120.31008777629506,112.39103713735385,113.12687546441157,19715700
2022-01-26,117.61199951171875,120.07357585335284,116.62212654474105,119.5479694147937,8336000
2022-01-27,116.08777618408203,118.04125668939326,115.70233320723607,117.08641782103375,5497300
2022-01-28,117.8222427368164,117.8485217216203,115.4482719646256,116.67468251129024,5471500
2022-01-31,117.0075912475586,117.4631026545263,115.89506498682358,117.4631026545263,5859000
2022-02-01,118.72452545166016,119.10121318450258,116.07024100960878,117.17399848945203,6206400
2022-02-02,120.23124694824219,120.5028053673361,118.48799855569598,118.87344148604603,5357200
2022-02-03,120.69552612304688,121.55400413859059,118.98732529787898,120.01224579297971,6100800
2022-02-04,120.14363861083984,121.60657334409551,119.32896337261766,120.76560575512214,4142000
2022-02-07,120.22249603271484,120.73057869842424,119.37277318777136,120.40644893175703,3759000
2022-02-08,120.02976989746094,120.46777079570491,118.9435228577943,120.2137227893565,4181800
2022-02-09,120.70429229736328,121.19486457469314,119.86333798396771,120.74809506439442,5393500
2022-02-10,118.37266540527344,121.06778296503147,118.06236616878813,120.10144258404398,5978600
2022-02-11,117.63680267333984,119.42764478372206,117.36197321400952,118.70952498412815,4176200
2022-02-14,115.38496398925781,117.60134834193458,114.42749785330959,117.54815728190817,5345300
2022-02-15,115.19877624511719,116.74137084194922,114.90621193557526,115.81936105578147,4394000
2022-02-16,114.5250015258789,115.64206785590262,113.70937373770656,114.76437481484628,4875600
2022-02-17,110.79261779785156,113.92215129998239,110.68622891806532,113.523204837553,6797000
2022-02-18,110.2429428100586,111.2092897863568,109.58689501612085,110.76601297026178,4609200
2022-02-22,109.86173248291016,110.81921209877186,108.76240779277336,110.10996643579254,5349700
2022-02-23,108.22161102294922,110.55324484339964,108.04430298663766,110.26954792698032,4086400
2022-02-24,108.13296508789062,108.24821464372143,105.33145191044811,106.38645306780847,6563200
2022-02-25,110.09223937988281,110.16316529962558,107.67194478863783,108.20388242284058,4460900
2022-02-28,108.61170196533203,109.39186683148117,107.30846686870586,108.34573313439546,6757300
2022-03-01,107.58329772949219,109.39186821670499,107.007036431078,108.75354842546889,4873300
2022-03-02,109.80854034423828,110.50005113870634,107.98224191127211,108.68261337263591,4891400
2022-03-03,111.64371490478516,112.29976279117145,110.14543689081302,110.78375667815898,5206600
2022-03-04,112.25542449951172,112.90260486991286,110.11882697726305,110.28727433355233,4402400
2022-03-07,111.767822265625,113.39908455547504,111.36887581482026,112.12244509071134,5047400
2022-03-08,111.42207336425781,113.78917697042613,110.65963661324555,112.25543603719406,4887600
2022-03-09,111.90081787109375,113.56754328666808,111.62598836698032,112.95581902126104,4403500
2022-03-10,110.2429428100586,111.73235318269256,109.16134629656796,111.48411924789815,5326800
2022-03-11,109.8971939086914,112.38840759746601,109.85287028279124,110.81921055214943,4119600
2022-03-14,109.87947845458984,110.9610751562536,108.77128622155216,110.33161601568382,3289200
2022-03-15,111.3866195678711,111.65258841503507,109.24116098216001,109.93267186814386,4021200
2022-03-16,112.62777709960938,112.84054808284473,110.56210546092447,112.14903731442912,4292800
2022-03-17,113.44340515136719,113.73596271767211,112.17563315115372,112.68096846514831,3671900
2022-03-18,114.15264892578125,114.30336143063934,112.03379289919692,112.92920726137825,7466000
2022-03-21,113.56753540039062,115.02148294033073,112.9469437464999,114.36542832645755,3384600
2022-03-22,114.41861724853516,114.63139500445769,113.34588809359697,113.92214934578502,2690200
2022-03-23,113.74485778808594,114.64914647206598,113.70052739154754,114.43636868532428,2924500
2022-03-24,114.58706665039062,114.69344876637427,113.30156648055627,113.77143886313203,2971100
2022-03-25,116.44883728027344,116.49315414436883,114.64026010433666,114.80870747665527,3530200
2022-03-28,116.55521392822266,116.5818094565262,114.89736286786838,115.9789594446649,2483500
2022-03-29,116.97188568115234,117.7697785205136,115.63318106986092,117.06053292567329,5791000
2022-03-30,117.14035034179688,117.98257369174245,116.48429570226989,117.03395469382113,2622900
2022-03-31,115.26972198486328,116.91871249556665,115.25198712215516,115.89030690228141,4274000
2022-04-01,115.38496398925781,115.49135963704714,113.5320699170768,114.95056131388455,4012400
2022-04-04,115.4913558959961,115.65092907090632,114.3033636403636,115.48248170112147,2809800
2022-04-05,114.26791381835938,116.34244637433389,114.06401024090978,115.11901138189953,3107200
2022-04-06,114.711181640625,114.8175637547653,112.81395728128686,113.2838296557209,3958100
2022-04-07,113.96649169921875,114.5870766428006,112.35296408203735,114.25018187582593,3538300
2022-04-08,113.23950958251953,114.17038692979436,112.83168891929272,113.48773677792472,3143300
2022-04-11,112.03379821777344,113.63845155398295,111.86535084324834,113.43454798216983,3202500
2022-04-12,111.68803405761719,112.8937408231972,111.33341123768531,112.0781130720613,2691000
2022-04-13,111.82988739013672,112.29975978662053,110.73943008581927,111.38661052343605,3064900
2022-04-14,112.20223999023438,115.76618983885542,112.04266004531301,114.30336804051932,6384200
2022-04-18,111.85647583007812,112.93807239849143,111.28908201777405,112.23769418183252,4884200
2022-04-19,114.49839782714844,114.72003623837229,111.7057592568219,111.77668517174175,7971400
2022-04-20,122.62812805175781,123.72744610548989,118.2485501173754,119.68476294382533,17859200
2022-04-21,123.98455047607422,125.78425355175236,121.76816604516648,122.54832416598484,9922300
2022-04-22,122.56604766845703,124.50760241440594,121.76815475838235,123.85154781368213,6508600
2022-04-25,123.31963348388672,123.8072272299218,119.8532050340335,121.98092864791865,5748300
2022-04-26,120.73974609375,124.00225709555316,120.72201123264107,123.23095973400702,4956200
2022-04-27,119.73794555664062,121.56424409045114,119.35673394303822,120.37626532950945,4369100
2022-04-28,120.34080505371094,121.44899718741992,119.51630307180872,121.32488020955395,4474300
2022-04-29,117.21126556396484,120.17235154734605,117.02508334280684,119.80000063276536,5078700
2022-05-02,117.94710540771484,118.5942993877089,116.04102024887699,117.91164920978072,4213500
2022-05-03,117.48612213134766,118.44360193012955,117.0162496645017,117.9116641993379,3688600
2022-05-04,121.8124771118164,122.22915844720684,117.14920936120097,117.7963897964459,5932600
2022-05-05,120.50037384033203,121.6883525177581,119.47196833103686,120.97912040019571,5957400
2022-05-06,122.05183410644531,122.33553775551825,120.10141886613981,120.10141886613981,7306400
2022-05-09,120.6341323852539,122.34799455757604,119.62915145112665,120.60721423107823,7647900
2022-05-10,115.86940002441406,121.50449383062544,115.24127339720542,121.13659422139412,8642400
2022-05-11,117.32304382324219,119.30610091341963,116.52444009556048,116.52444009556048,5301100
2022-05-12,119.25225067138672,119.8983136510575,117.01796208420832,117.78964766037977,5384800
2022-05-13,119.88035583496094,120.05981469892689,117.59221766685259,119.34196555122944,4195100
2022-05-16,121.16351318359375,122.49152535471461,118.81257031317901,119.43171510072126,4250400
2022-05-17,124.1605224609375,124.1605224609375,121.71087508210867,123.10170543199276,4372900
2022-05-18,119.28813171386719,123.48752672271401,118.59720069696694,123.02093640517589,6003000
2022-05-19,116.344970703125,118.73181351816002,115.49253075256533,118.44466835612502,5819700
2022-05-20,115.28614044189453,116.98205219715467,112.88136131457752,116.81156146807092,6914500
2022-05-23,117.69989776611328,118.39979696457702,116.12960864538458,116.20139493392375,3591500
2022-05-24,120.0598373413086,120.57129588466043,117.02693130851634,117.16153575075144,4189700
2022-05-25,120.58924102783203,120.97509064983727,119.21636066168233,119.21636066168233,3299300
2022-05-26,122.83250427246094,123.4247308997336,120.7058884739685,121.1365925247873,3929300
2022-05-27,124.96810150146484,125.38983739902203,123.1465671744986,123.28115791123606,4608000
2022-05-31,124.58226013183594,125.47060012848323,122.7607256845561,124.00798346409996,7978100
2022-06-01,125.11165618896484,126.04486423845829,124.2951162604511,125.3270150523482,3796500
2022-06-02,125.7577133178711,125.88333589278957,122.79660781024504,125.12960044327872,3734800
2022-06-03,126.68195343017578,127.93819300951523,125.38984124238662,125.85643160526801,4352200
2022-06-06,128.2073974609375,129.86740938299397,127.41776187917192,128.2971200640605,4766900
2022-06-07,128.11764526367188,128.29710413947925,126.48455169443992,127.95613638299562,2887100
2022-06-08,126.3678970336914,128.1355950254354,125.75772042685617,127.48056396860594,3005700
2022-06-09,123.7926254272461,126.55632219084664,123.76569358907912,125.75771856869886,3591000
2022-06-10,122.20439147949219,123.64905805811475,121.3609196806668,123.64905805811475,4659500
2022-06-13,121.23529052734375,123.44267434280985,120.02391918966303,120.21235990355072,6486000
2022-06-14,121.78266143798828,122.88634661268465,121.01097589256456,121.13659848405979,4607800
2022-06-15,122.98503112792969,124.2322886884782,121.6570191341838,122.04285499846019,4606900
2022-06-16,121.73780822753906,122.24928050041123,120.58925476672538,121.40580855753679,5386400
2022-06-17,121.15454864501953,122.91326492834081,119.20739162828175,122.02493863435961,12968500
2022-06-21,123.69391632080078,124.27716105842084,121.9441547242729,121.9441547242729,4089300
2022-06-22,123.00298309326172,123.99001368466335,122.06080694868874,122.12362508118261,3791500
2022-06-23,124.22333526611328,124.38484415165728,122.48255536546365,123.05683200045615,4547900
2022-06-24,127.4715805053711,127.7497438126065,124.84247446799453,124.90527891228912,11493000
2022-06-27,128.1355743408203,129.05980040759226,127.37285712835848,127.65102039422526,3936000
2022-06-28,127.29214477539062,129.3559564220038,126.80760436047157,128.24328929893176,4064800
2022-06-29,126.26023864746094,128.78167241491354,125.17448973716083,128.08177313753652,4161500
2022-06-30,126.69092559814453,127.83051065381055,124.97706393893178,125.24625909193306,4878000
2022-07-01,126.62813568115234,127.12165795632816,124.95914179081781,126.52046307269117,4011900
2022-07-05,123.48755645751953,125.59623631277087,121.37889029410545,125.59623631277087,6273400
2022-07-06,123.90031433105469,124.85145880497068,123.04787430396978,123.82852803410154,3237000
2022-07-07,126.3678970336914,126.80758291667806,124.57328089521705,124.64506718377618,3897100
2022-07-08,126.04491424560547,126.80763187566752,125.46166925215084,126.3051276617425,2820800
2022-07-11,126.52043151855469,127.30108511887808,125.7397779182313,126.17945008768521,3904700
2022-07-12,124.88734436035156,127.0139740308365,124.33999952155123,126.3768792065865,3235400
2022-07-13,123.09272003173828,124.63609107721317,122.75175226018116,123.09272003173828,4123200
2022-07-14,124.77967071533203,125.11167035361395,121.15455176821429,121.67499214477046,5298400
2022-07-15,125.55135345458984,126.2333027127373,124.37588198049032,126.2333027127373,4519300
2022-07-18,123.94515991210938,125.90128480355615,123.63109663159865,125.75771223578933,8231700
2022-07-19,117.43968963623047,118.94716068661397,114.60419272698324,118.06780257389026,29690500
2022-07-20,115.91425323486328,117.29611536972152,114.90927254902816,117.27816537409305,9882000
2022-07-21,114.09274291992188,115.58227102323124,112.28017645991973,115.52843472007503,11975400
2022-07-22,115.07976531982422,115.14258345972101,112.80060189470902,113.98504832825763,6467200
2022-07-25,115.33997344970703,115.86939561751879,114.76570367771942,115.25025085768617,4702400
2022-07-26,114.92723083496094,116.02194788607115,114.52343805520238,115.0887397317628,3645300
2022-07-27,115.86042785644531,116.1385912016385,114.47857928322111,114.8285289258571,4175600
2022-07-28,115.95015716552734,116.47956567395678,115.40279866085957,115.528421250857,3913700
2022-07-29,117.35892486572266,117.54736559834137,116.03091266061566,116.21935339323437,5786800
2022-08-01,118.48055267333984,119.07277929125318,117.27816313406223,117.32303127635893,4142100
2022-08-02,118.274169921875,119.14455981131316,117.10766673781865,118.6241195079085,4403600
2022-08-03,118.74974822998047,119.21635226611471,117.83450384489201,118.28315788568098,3088500
2022-08-04,118.12165069580078,118.70489554805629,117.56532399415175,118.57927294794726,3179800
2022-08-05,118.87535858154297,119.04584929019296,117.61016472250002,117.77167358848422,2586500
2022-08-08,118.99201965332031,119.65603253154111,118.46261119611087,119.4317055216896,3821200
2022-08-09,117.63819885253906,118.83756154360823,117.32017856045005,118.04707218212305,3496000
2022-08-10,119.4826889038086,119.73709960373387,118.42869379592194,118.80122870093516,3664000
2022-08-11,120.42764282226562,121.0545884369434,119.93699756888589,120.26409902592022,3501900
2022-08-12,121.7633056640625,121.83599641704885,119.91882113310768,120.50033329265487,2766900
2022-08-15,122.5992202758789,122.8354686732707,120.15506145988151,120.80926432838673,2791200
2022-08-16,124.08026885986328,124.81624364488788,122.16309364232153,122.2993939985791,4313600
2022-08-17,125.1978530883789,125.77028405293763,123.84402779223402,123.98940928550961,3667600
2022-08-18,126.36090850830078,126.40632809988195,125.16153182072334,125.19787026685711,3177700
2022-08-19,125.72484588623047,126.60620209267589,125.07973806357975,126.07012345372011,3155800
2022-08-22,123.16258239746094,125.2523965545906,123.08989164211319,125.07066273404928,3093600
2022-08-23,122.42657470703125,123.66228948762223,122.40839855698631,122.99899172221441,4141800
2022-08-24,121.0545883178711,122.76278635451948,120.94555912041474,122.56289024962048,2855400
2022-08-25,121.73603820800781,122.1449115281421,120.9092104235024,121.4361940760847,2706000
2022-08-26,118.46503448486328,121.9177547492989,118.42868218024326,121.84507786874279,4185300
2022-08-29,118.40142059326172,119.40998211261804,117.7290554899185,118.11067148854771,2783000
2022-08-30,117.73815155029297,118.81940394890137,117.47464584315917,118.62858899324091,2407900
2022-08-31,116.71141052246094,118.11976433159077,116.6659770710033,118.04707358212713,3490400
2022-09-01,117.81083679199219,117.9562182881397,116.06629349907853,116.66597484025878,3396200
2022-09-02,116.11173248291016,118.6285890984046,115.61199223130235,118.39235455416419,3040600
2022-09-06,115.13951110839844,116.35704994793062,114.75789507799325,116.12081541415863,3347100
2022-09-07,116.03903198242188,116.18441347328333,114.7397143695746,115.11224924077878,2401500
2022-09-08,116.72958374023438,116.79317947920141,115.02138583165565,115.5756406510769,2964600
2022-09-09,117.3837890625,117.6563759057553,116.35705129412031,117.12028336376088,3291900
2022-09-12,118.71945190429688,119.01929604490735,118.01981557620577,118.4196077636864,3741100
2022-09-13,115.62108612060547,118.03800173944927,115.18494852162551,117.33836535202734,4565600
2022-09-14,116.02086639404297,117.2111479260045,115.25762740747017,115.84822760128351,3819100
2022-09-15,114.02191925048828,115.82097723696674,113.48584055145062,115.74828648490926,5141700
2022-09-16,115.63924407958984,115.87548554486695,112.5136181646746,112.99518223961428,9839700
2022-09-19,116.05721282958984,116.35705003532124,114.73971901100435,114.93052702635026,3981600
2022-09-20,114.75788879394531,115.38482740037426,114.04916443492459,115.30305551212432,2837500
2022-09-21,113.51307678222656,116.15713827498756,113.50398870686323,115.29395828407046,3389500
2022-09-22,113.85836029052734,114.94870069602418,113.04061365161867,113.35862700365773,4046600
2022-09-23,111.49597930908203,113.57670538356966,110.61462296615802,113.14965586217993,5195600
2022-09-26,110.85994720458984,112.90432780325438,110.62370572773612,111.12344598027832,3987800
2022-09-27,110.61461639404297,112.62265159405739,110.01493502997693,111.39602463522868,4117200
2022-09-28,111.54139709472656,111.96844655612422,108.86098306491672,110.53283553802981,4996400
2022-09-29,110.51466369628906,111.41419610281002,109.55153555066556,110.71455978662706,3817700
2022-09-30,107.95237731933594,111.24156097749847,107.77065737603985,110.54193157041988,5346100
2022-10-03,110.40563201904297,111.04165871744952,108.67017684855051,109.17900513944684,4261700
2022-10-04,114.03099060058594,114.16728400765822,111.32331940708627,111.57773700196749,4566100
2022-10-05,114.24906921386719,114.90327209835667,112.87706770396603,113.31319833884473,3212900
2022-10-06,111.05985260009766,113.84929630643445,110.64188420908029,113.46767329429564,5074600
2022-10-07,107.96147155761719,110.66914323315586,107.28001133310804,110.39655637048345,4499700
2022-10-10,106.98925018310547,108.9972853844055,106.3441353663036,108.84282273788355,5990000
2022-10-11,107.03468322753906,108.3340009330957,106.25327498883108,106.72575100350097,4043100
2022-10-12,106.82569885253906,107.95237775631274,106.48950933069182,107.21640297116151,3338800
2022-10-13,110.66004943847656,110.98715088391474,104.99030260450073,105.49003591735185,5837500
2022-10-14,109.06997680664062,111.34151079478583,108.88824992828606,110.6691386753029,3762400
2022-10-17,110.41471862792969,111.65043364499678,110.33294673358932,110.66913625205527,5458600
2022-10-18,111.70494842529297,112.61356194576636,110.68729878678121,111.75946301822665,5120300
2022-10-19,111.31425476074219,112.61357249400996,110.8417718038239,111.17796133347069,5906600
2022-10-20,116.57512664794922,117.17481494622207,113.71299244618751,114.71246601113737,13623100
2022-10-21,118.02889251708984,118.89208646583604,115.92999747191169,116.6568910719569,7201300
2022-10-24,120.56392669677734,120.94554270040854,117.98346770212355,118.93750077903071,5610900
2022-10-25,120.78199768066406,121.11819413620758,119.30096695896319,119.93699369813011,5957600
2022-10-26,122.67191314697266,123.44424022753991,120.67296606498677,121.49980774148247,5139000
2022-10-27,122.4538803100586,123.93491131101693,122.16311725198965,123.1625979336695,3993200
2022-10-28,125.85204315185547,126.17006340302865,122.86271102105918,123.17163626461316,5965500
2022-10-31,125.65215301513672,126.08829747121644,124.1166078681754,125.44317579514531,4915300
2022-11-01,125.57038879394531,125.97926211518006,124.20746848026788,125.61582224393636,3590600
2022-11-02,124.32559967041016,127.36036574545513,124.29834237175083,125.16152251276333,5360500
2022-11-03,122.1812515258789,124.00755956615538,121.7269448016403,123.9530449775413,4442400
2022-11-04,124.44373321533203,125.14335575256149,122.60832973655498,123.25343767237375,4178000
2022-11-07,125.69758605957031,126.02468746841117,124.03482171999107,124.15294590951017,4043100
2022-11-08,127.24223327636719,128.05089876753215,126.04287062023522,126.29728130075843,5042800
2022-11-09,126.32279205322266,127.71115163496755,125.90904380975577,126.83768000328315,4720000
2022-11-10,129.85348510742188,129.98220711555555,127.15030890696768,128.96162046905033,5389000
2022-11-11,131.63717651367188,132.51985147954372,129.60520725344645,130.10170227637005,5871300
2022-11-14,132.58421325683594,134.3127775673898,130.72692696760106,131.14068921231615,5293500
2022-11-15,132.7129364013672,134.38633616856436,130.56143444037963,132.473885304472,4727100
2022-11-16,132.8784637451172,133.27381915952574,132.4095368689216,132.5198800319565,3445200
2022-11-17,134.32199096679688,134.4047378186568,131.71076520181313,131.8578800693281,3954000
2022-11-18,135.74713134765625,136.36315904894656,134.18407452038952,134.7541270735979,4661700
2022-11-21,134.8644561767578,136.01376473033523,134.65298733120028,135.66438447020658,3476200
2022-11-22,137.0895233154297,137.31938501513386,135.17707229033357,135.71035311720462,7062100
2022-11-23,136.7677001953125,138.3399602663993,136.35395197544028,137.08951216057068,3658200
2022-11-25,136.41831970214844,137.44810967699487,136.17007916298778,136.3263834382669,2075200
2022-11-28,134.40472412109375,136.29879628061525,134.18406587195517,136.05973113785575,3538100
2022-11-29,134.68975830078125,135.3149753511796,133.9633875179223,134.15647750680645,2754700
2022-11-30,136.9056396484375,137.5860354143058,133.93583004960112,134.4139463723639,6377600
2022-12-01,137.14466857910156,137.92618983033032,135.47126890651276,137.89860755261887,4495900
2022-12-02,136.69415283203125,137.14468681061507,135.8298706031309,136.19765773758033,2900000
2022-12-05,135.53567504882812,136.93322427830267,134.97481186145785,136.0229807983871,2784600
2022-12-06,135.61839294433594,135.89422976981248,134.88283275294637,135.4345064038995,2847600
2022-12-07,135.40692138671875,136.1700638422627,134.50585350640316,135.46208594477002,3971300
2022-12-08,135.87583923339844,137.13547678808212,135.49886269978052,135.98616835362066,2665700
2022-12-09,135.2046661376953,136.39074643658566,135.1311087039403,135.52646412702177,3047600
2022-12-12,137.19065856933594,137.19065856933594,135.10351047549983,135.91262812166946,4032800
2022-12-13,138.44110107421875,140.86843988380787,137.87103456062144,138.25720050423294,8811500
2022-12-14,137.78829956054688,139.6731683276976,136.49187619083568,138.34916267604743,4205900
2022-12-15,130.8924560546875,136.9791898018332,130.17528862349823,136.55625210120658,6687000
2022-12-16,128.86965942382812,130.48788064784105,127.77551555017892,129.87185301092174,9834400
2022-12-19,127.68357849121094,129.1271167677443,126.14810394824167,128.86967277429108,5282900
2022-12-20,129.89944458007812,130.03735599012958,127.19626870590966,127.6559921122745,5156500
2022-12-21,130.6901397705078,131.563611238641,129.6235783424344,130.41430298329686,3793700
2022-12-22,129.5316619873047,130.04654992000897,127.45370336363446,129.59601596407074,3337100
2022-12-23,130.23963928222656,130.43272929168253,128.35478448382588,129.26502787650932,2092500
2022-12-27,130.94761657714844,131.22345343361965,129.85347259858804,130.31319601615826,2742400
2022-12-28,128.74095153808594,131.30620207002193,128.67658352451969,130.92922549536513,2539500
2022-12-29,129.69715881347656,130.80049212884265,129.13629572396587,129.255828293259,2337200
2022-12-30,129.54083251953125,129.5500219349742,128.2168271543667,129.21902059368307,2858000
